student_id,age,gender,academic_level,avg_daily_usage_hours,affects_academic_performance,sleep_hours_per_night,mental_health_score,conflicts_over_social_media,addicted_score,most_used_platform_Instagram,most_used_platform_KakaoTalk,most_used_platform_LINE,most_used_platform_LinkedIn,most_used_platform_Snapchat,most_used_platform_TikTok,most_used_platform_Twitter,most_used_platform_VKontakte,most_used_platform_WeChat,most_used_platform_WhatsApp,most_used_platform_YouTube,relationship_status_In Relationship,relationship_status_Single,continent_America,continent_Asia,continent_Europe,continent_Oceania
25,22,1.0,2.0,3.2,0.0,6.9,7,2,5,0,0,0,0,0,0,0,0,0,0,0,1,0,0,0,1,0
156,20,0.0,1.0,4.2,1.0,7.4,5,4,8,1,0,0,0,0,0,0,0,0,0,0,1,0,0,1,0,0
211,20,0.0,1.0,6.3,1.0,4.4,6,4,8,0,0,0,0,0,1,0,0,0,0,0,0,1,0,1,0,0
261,19,0.0,1.0,6.6,1.0,5.6,4,4,9,0,0,0,0,0,1,0,0,0,0,0,1,0,1,0,0,0
425,19,0.0,1.0,2.9,0.0,8.9,8,2,4,1,0,0,0,0,0,0,0,0,0,0,0,1,0,0,1,0
540,22,1.0,2.0,4.5,1.0,7.7,7,3,6,0,0,0,0,0,1,0,0,0,0,0,0,1,1,0,0,0
111,20,1.0,1.0,6.1,1.0,6.2,5,4,8,1,0,0,0,0,0,0,0,0,0,0,0,1,0,1,0,0
83,20,1.0,1.0,3.8,0.0,6.6,7,2,6,0,0,0,0,0,0,0,0,0,0,0,0,0,0,1,0,0
52,20,0.0,1.0,4.7,1.0,5.8,6,3,7,0,0,0,0,0,1,0,0,0,0,0,1,0,1,0,0,0
406,21,1.0,2.0,4.7,1.0,7.5,6,3,7,1,0,0,0,0,0,0,0,0,0,0,0,1,0,1,0,0
639,23,0.0,2.0,6.4,1.0,6.2,5,4,8,0,0,0,0,0,0,0,0,0,0,0,0,1,0,0,1,0
591,19,0.0,1.0,7.0,1.0,5.8,4,5,9,1,0,0,0,0,0,0,0,0,0,0,0,1,0,1,0,0
632,21,1.0,1.0,6.2,1.0,6.3,5,4,8,0,0,0,0,0,0,0,0,0,0,0,0,1,0,0,1,0
655,21,0.0,1.0,4.4,0.0,7.4,7,2,5,1,0,0,0,0,0,0,0,0,0,0,1,0,0,0,1,0
531,20,0.0,1.0,5.9,1.0,6.6,6,3,7,0,0,0,0,0,1,0,0,0,0,0,0,1,1,0,0,0
337,19,0.0,1.0,6.9,1.0,5.4,5,4,9,1,0,0,0,0,0,0,0,0,0,0,1,0,1,0,0,0
19,21,1.0,1.0,3.5,0.0,6.7,7,1,5,0,0,0,0,0,0,0,0,0,0,0,0,1,0,0,1,0
645,23,0.0,2.0,5.3,1.0,6.8,6,3,7,0,0,0,0,0,0,1,0,0,0,0,1,0,1,0,0,0
487,20,0.0,1.0,8.4,1.0,3.9,5,4,9,0,0,0,0,0,1,0,0,0,0,0,1,0,1,0,0,0
440,22,1.0,2.0,4.2,1.0,8.0,6,3,7,0,0,0,0,0,1,0,0,0,0,0,0,1,1,0,0,0
577,20,0.0,1.0,5.9,1.0,6.7,6,3,7,1,0,0,0,0,0,0,0,0,0,0,1,0,1,0,0,0
62,19,0.0,1.0,5.6,1.0,5.6,5,3,8,1,0,0,0,0,0,0,0,0,0,0,1,0,0,0,1,0
624,19,1.0,1.0,5.8,1.0,6.6,6,3,7,1,0,0,0,0,0,0,0,0,0,0,0,1,0,0,1,0
537,19,0.0,1.0,6.8,1.0,6.2,5,4,8,1,0,0,0,0,0,0,0,0,0,0,1,0,0,1,0,0
30,19,0.0,0.0,5.9,1.0,5.3,5,4,8,1,0,0,0,0,0,0,0,0,0,0,0,0,0,1,0,0
376,22,1.0,2.0,5.0,1.0,7.2,6,3,7,0,0,0,0,0,1,0,0,0,0,0,0,1,0,1,0,0
224,22,1.0,2.0,4.2,0.0,7.8,7,2,4,0,0,0,0,0,0,0,0,0,0,0,1,0,0,0,1,0
486,21,1.0,2.0,3.9,1.0,8.3,6,3,7,1,0,0,0,0,0,0,0,0,0,0,0,1,0,1,0,0
339,20,0.0,1.0,4.4,0.0,7.6,7,2,5,1,0,0,0,0,0,0,0,0,0,0,1,0,0,0,1,0
447,20,0.0,1.0,8.0,1.0,4.3,5,4,9,0,0,0,0,0,1,0,0,0,0,0,1,0,1,0,0,0
205,19,0.0,1.0,6.2,1.0,4.6,6,4,8,0,0,0,0,0,1,0,0,0,0,0,0,1,0,1,0,0
378,21,1.0,2.0,6.1,1.0,6.1,6,3,7,0,0,0,0,0,0,0,0,0,1,0,0,1,1,0,0,0
498,21,1.0,2.0,7.3,1.0,4.9,6,3,7,0,0,0,0,0,0,0,0,0,1,0,0,1,1,0,0,0
245,19,0.0,1.0,6.9,1.0,5.7,4,4,9,0,0,0,0,0,1,0,0,0,0,0,1,0,1,0,0,0
240,22,1.0,2.0,4.1,0.0,7.7,8,2,4,0,0,0,0,0,0,0,0,0,0,0,1,0,0,0,1,0
336,22,1.0,2.0,5.4,1.0,6.8,6,3,7,0,0,0,0,0,1,0,0,0,0,0,0,1,0,1,0,0
372,22,1.0,2.0,3.5,0.0,8.3,8,2,4,0,0,0,0,0,0,0,0,0,0,0,1,0,0,0,1,0
177,19,0.0,1.0,4.9,0.0,7.5,7,2,5,0,0,0,0,0,0,0,0,0,0,0,0,1,0,1,0,0
400,22,1.0,2.0,4.6,1.0,7.6,6,3,7,0,0,0,0,0,1,0,0,0,0,0,0,1,1,0,0,0
216,22,1.0,2.0,4.4,0.0,8.8,7,2,6,0,0,0,0,0,0,0,0,0,0,0,1,0,0,1,0,0
569,19,0.0,1.0,7.4,1.0,5.4,5,4,8,0,0,0,0,0,0,0,0,0,1,0,1,0,0,1,0,0
266,21,1.0,2.0,5.2,1.0,6.9,5,3,8,0,0,0,0,0,1,0,0,0,0,0,1,0,0,0,1,0
688,22,1.0,2.0,6.3,1.0,6.2,5,4,8,0,0,0,0,0,1,0,0,0,0,0,0,1,0,0,1,0
164,22,1.0,2.0,4.7,1.0,6.3,5,3,7,1,0,0,0,0,0,0,0,0,0,0,1,0,0,1,0,0
519,20,0.0,1.0,6.9,1.0,5.9,5,4,8,0,0,0,0,0,0,0,0,0,1,0,1,0,0,1,0,0
619,24,0.0,2.0,4.2,0.0,7.5,8,2,4,0,0,0,0,0,0,1,0,0,0,0,0,1,0,1,0,0
448,22,1.0,2.0,6.8,1.0,5.4,6,3,7,0,0,0,0,0,0,0,0,0,1,0,0,1,1,0,0,0
355,20,0.0,1.0,3.6,0.0,8.2,8,2,4,1,0,0,0,0,0,0,0,0,0,0,0,1,0,0,1,0
285,19,0.0,1.0,6.7,1.0,5.4,4,4,9,1,0,0,0,0,0,0,0,0,0,0,0,1,1,0,0,0
418,21,1.0,2.0,6.5,1.0,5.7,6,3,7,0,0,0,0,0,0,0,0,0,1,0,0,1,1,0,0,0
105,22,1.0,2.0,2.9,0.0,7.0,7,2,5,0,0,0,1,0,0,0,0,0,0,0,0,0,0,1,0,0
115,20,1.0,1.0,5.2,1.0,6.3,6,3,7,0,0,0,0,0,1,0,0,0,0,0,1,0,0,1,0,0
634,20,1.0,1.0,6.9,1.0,5.9,4,5,9,1,0,0,0,0,0,0,0,0,0,0,0,1,0,0,1,0
542,21,1.0,2.0,4.1,0.0,8.2,7,2,5,0,0,0,0,0,0,0,0,1,0,0,1,0,0,1,0,0
300,22,1.0,2.0,3.9,0.0,8.1,7,2,5,0,0,0,0,0,0,0,1,0,0,0,1,0,0,0,1,0
93,21,1.0,1.0,3.7,0.0,6.5,7,2,6,0,0,0,0,1,0,0,0,0,0,0,0,1,0,0,1,0
8,20,0.0,1.0,5.8,1.0,6.0,6,2,8,0,0,0,0,1,0,0,0,0,0,0,1,0,1,0,0,0
90,18,0.0,0.0,5.8,1.0,5.2,5,4,9,1,0,0,0,0,0,0,0,0,0,0,0,1,0,0,1,0
535,20,0.0,1.0,5.4,1.0,6.7,6,3,7,0,0,0,0,0,1,0,0,0,0,0,0,1,0,1,0,0
640,20,1.0,1.0,4.5,0.0,7.3,7,2,5,0,0,0,0,0,0,1,0,0,0,0,1,0,0,0,1,0
528,22,1.0,2.0,4.0,0.0,8.1,7,2,5,0,0,0,0,0,0,0,0,0,0,0,0,1,0,0,1,0
383,20,0.0,1.0,4.3,1.0,7.6,7,3,6,0,0,0,0,0,1,0,0,0,0,0,0,1,0,0,1,0
382,21,1.0,2.0,3.4,0.0,8.4,8,2,4,0,0,0,0,0,0,0,0,0,0,0,1,0,0,0,1,0
516,22,1.0,2.0,5.6,1.0,6.7,6,3,7,0,0,0,0,0,0,0,0,0,1,0,0,1,0,1,0,0
141,22,1.0,2.0,4.7,1.0,6.9,5,4,8,0,0,0,0,0,0,0,0,0,0,0,0,1,0,1,0,0
29,24,1.0,2.0,2.2,0.0,7.4,8,0,3,0,0,0,1,0,0,0,0,0,0,0,0,1,0,1,0,0
44,20,0.0,1.0,4.6,1.0,5.7,6,3,7,0,0,0,0,1,0,0,0,0,0,0,1,0,0,0,0,0
43,21,1.0,1.0,3.7,0.0,6.6,7,2,5,0,0,0,0,0,0,0,0,0,0,0,0,1,0,0,0,0
74,20,0.0,1.0,5.8,1.0,5.3,5,4,8,1,0,0,0,0,0,0,0,0,0,0,0,1,0,0,1,0
168,22,1.0,2.0,5.2,0.0,7.1,7,2,6,0,0,0,0,0,0,0,0,0,0,0,1,0,0,1,0,0
559,20,0.0,1.0,7.3,1.0,5.5,5,4,8,0,0,0,0,0,0,0,0,0,1,0,1,0,0,1,0,0
617,22,0.0,2.0,6.8,1.0,5.9,4,5,9,1,0,0,0,0,0,0,0,0,0,0,0,1,0,0,1,0
67,20,1.0,1.0,3.9,0.0,6.5,7,2,6,0,0,0,0,0,0,0,0,0,0,1,0,0,0,0,1,0
12,20,0.0,1.0,5.5,1.0,5.8,6,2,8,0,0,0,0,0,1,0,0,0,0,0,1,0,0,0,1,0
368,22,1.0,2.0,6.0,1.0,6.2,6,3,7,0,0,0,0,0,0,0,0,0,1,0,0,1,1,0,0,0
594,24,1.0,2.0,5.6,1.0,6.9,6,3,7,1,0,0,0,0,0,0,0,0,0,0,1,0,1,0,0,0
179,20,0.0,1.0,4.7,1.0,6.8,5,3,7,1,0,0,0,0,0,0,0,0,0,0,0,1,0,1,0,0
660,23,1.0,2.0,4.5,0.0,7.3,7,2,5,0,0,0,0,0,0,0,0,0,0,0,1,0,0,0,1,0
395,20,0.0,1.0,3.2,0.0,8.6,8,2,4,1,0,0,0,0,0,0,0,0,0,0,0,1,0,0,1,0
483,20,0.0,1.0,3.3,1.0,8.6,7,3,6,0,0,0,0,0,1,0,0,0,0,0,0,1,0,0,1,0
347,20,0.0,1.0,7.0,1.0,5.3,5,4,9,0,0,0,0,0,1,0,0,0,0,0,1,0,1,0,0,0
430,21,1.0,2.0,4.3,1.0,7.9,6,3,7,1,0,0,0,0,0,0,0,0,0,0,0,1,1,0,0,0
178,21,1.0,2.0,5.2,1.0,5.5,6,4,8,0,0,0,0,0,1,0,0,0,0,0,1,0,0,1,0,0
466,21,1.0,2.0,4.1,1.0,8.1,6,3,7,1,0,0,0,0,0,0,0,0,0,0,0,1,0,1,0,0
454,21,1.0,2.0,7.1,1.0,5.2,5,4,8,0,0,0,0,0,0,0,0,0,1,0,1,0,0,1,0,0
84,22,0.0,2.0,2.7,0.0,7.2,8,1,4,0,0,0,1,0,0,0,0,0,0,0,1,0,0,0,1,0
219,20,0.0,1.0,4.2,0.0,8.9,7,2,5,0,0,0,0,0,0,0,0,0,0,0,0,1,0,1,0,0
463,20,0.0,1.0,3.5,1.0,8.4,7,3,6,0,0,0,0,0,1,0,0,0,0,0,0,1,0,0,1,0
364,22,1.0,2.0,6.2,1.0,6.1,5,4,8,0,0,0,0,0,0,0,0,0,1,0,1,0,0,1,0,0
265,19,0.0,1.0,3.3,0.0,8.3,8,1,3,0,0,1,0,0,0,0,0,0,0,0,0,1,0,1,0,0
470,21,1.0,2.0,3.9,1.0,8.3,6,3,7,1,0,0,0,0,0,0,0,0,0,0,0,1,1,0,0,0
80,18,0.0,0.0,5.9,1.0,5.2,5,4,9,1,0,0,0,0,0,0,0,0,0,0,0,0,0,1,0,0
24,20,0.0,1.0,5.7,1.0,5.4,5,4,8,0,0,0,0,0,1,0,0,0,0,0,0,1,0,0,1,0
16,20,0.0,1.0,4.2,1.0,6.0,6,3,7,0,0,0,0,0,1,0,0,0,0,0,0,0,0,1,0,0
391,20,0.0,1.0,4.5,1.0,7.4,6,3,7,0,0,0,0,0,1,0,0,0,0,0,0,1,0,0,1,0
276,22,1.0,2.0,4.2,0.0,7.8,7,2,5,0,0,0,0,0,0,0,1,0,0,0,0,1,0,0,1,0
248,22,1.0,2.0,3.9,0.0,7.8,8,1,4,1,0,0,0,0,0,0,0,0,0,0,0,1,0,0,1,0
704,24,1.0,2.0,4.3,0.0,7.5,8,2,4,0,0,0,0,0,0,1,0,0,0,0,0,1,0,1,0,0
362,21,1.0,2.0,3.6,0.0,8.2,8,2,4,0,0,0,0,0,0,0,0,0,0,0,1,0,0,0,1,0
358,21,1.0,2.0,5.9,1.0,6.3,6,3,7,0,0,0,0,0,0,0,0,0,1,0,0,1,1,0,0,0
627,23,0.0,2.0,6.7,1.0,6.1,5,4,8,1,0,0,0,0,0,0,0,0,0,0,0,1,0,1,0,0
138,21,0.0,2.0,4.8,1.0,6.8,5,4,8,1,0,0,0,0,0,0,0,0,0,0,1,0,0,1,0,0
361,19,0.0,1.0,4.8,1.0,7.1,6,3,7,1,0,0,0,0,0,0,0,0,0,0,0,1,0,0,1,0
315,20,0.0,1.0,4.2,1.0,7.6,6,3,6,0,1,0,0,0,0,0,0,0,0,0,0,1,0,1,0,0
34,23,0.0,2.0,2.6,0.0,7.2,8,1,4,0,0,0,1,0,0,0,0,0,0,0,0,1,0,1,0,0
257,19,0.0,1.0,3.4,0.0,8.2,8,1,3,0,0,1,0,0,0,0,0,0,0,0,0,1,0,1,0,0
431,20,0.0,1.0,4.1,1.0,7.8,6,3,7,0,0,0,0,0,1,0,0,0,0,0,0,1,0,0,1,0
474,21,1.0,2.0,7.3,1.0,5.0,5,4,8,0,0,0,0,0,0,0,0,0,1,0,1,0,0,1,0,0
10,21,0.0,2.0,3.3,0.0,7.0,7,1,4,1,0,0,0,0,0,0,0,0,0,0,1,0,0,1,0,0
250,21,1.0,2.0,5.6,1.0,6.6,5,3,8,0,0,0,0,0,1,0,0,0,0,0,1,0,0,0,1,0
23,19,1.0,1.0,4.9,1.0,5.8,6,3,7,1,0,0,0,0,0,0,0,0,0,0,0,0,0,0,1,0
311,20,0.0,1.0,4.0,0.0,7.8,7,2,5,0,0,0,0,0,0,0,0,0,0,0,1,0,0,0,0,1
222,21,1.0,2.0,5.8,1.0,6.5,6,3,7,0,0,0,0,0,1,0,0,0,0,0,1,0,0,0,1,0
573,19,0.0,1.0,5.5,1.0,6.8,6,4,8,0,0,0,0,0,1,0,0,0,0,0,0,1,0,0,1,0
684,23,1.0,2.0,4.8,0.0,7.1,7,2,5,0,0,0,0,0,0,0,0,0,0,0,1,0,0,0,1,0
691,21,0.0,1.0,4.6,0.0,7.3,7,2,5,0,0,0,0,0,0,1,0,0,0,0,1,0,0,0,1,0
699,19,0.0,1.0,5.7,1.0,6.6,6,3,7,1,0,0,0,0,0,0,0,0,0,0,0,1,1,0,0,0
589,20,0.0,1.0,4.4,0.0,7.4,7,2,5,1,0,0,0,0,0,0,0,0,0,0,1,0,0,0,1,0
204,22,1.0,2.0,4.6,0.0,8.4,7,2,6,0,0,0,0,0,0,0,0,0,0,0,1,0,0,1,0,0
409,19,0.0,1.0,3.7,0.0,8.3,7,2,5,1,0,0,0,0,0,0,0,0,0,0,1,0,0,0,1,0
94,20,0.0,0.0,5.5,1.0,5.4,5,4,8,1,0,0,0,0,0,0,0,0,0,0,1,0,0,0,1,0
550,21,1.0,2.0,4.4,1.0,7.8,7,3,6,1,0,0,0,0,0,0,0,0,0,0,0,1,1,0,0,0
293,19,0.0,1.0,6.8,1.0,5.3,4,4,9,0,0,0,0,0,1,0,0,0,0,0,1,0,1,0,0,0
469,19,0.0,1.0,3.1,0.0,8.9,7,2,5,1,0,0,0,0,0,0,0,0,0,0,1,0,0,0,1,0
185,19,0.0,1.0,4.6,1.0,7.0,5,3,7,1,0,0,0,0,0,0,0,0,0,0,0,1,0,1,0,0
568,22,1.0,2.0,3.6,0.0,8.5,7,2,5,0,0,0,0,0,0,0,0,0,0,0,0,1,0,0,1,0
301,19,0.0,1.0,6.9,1.0,5.2,4,4,9,1,0,0,0,0,0,0,0,0,0,0,0,1,1,0,0,0
154,21,0.0,2.0,4.8,1.0,4.8,6,3,7,1,0,0,0,0,0,0,0,0,0,0,1,0,0,1,0,0
76,21,0.0,1.0,4.6,1.0,5.8,6,3,7,0,0,0,0,1,0,0,0,0,0,0,0,1,0,1,0,0
353,19,0.0,1.0,4.6,1.0,7.3,7,3,6,1,0,0,0,0,0,0,0,0,0,0,0,1,0,0,1,0
69,22,1.0,2.0,2.8,0.0,7.2,8,1,4,0,0,0,1,0,0,0,0,0,0,0,0,1,0,0,1,0
389,19,0.0,1.0,3.9,0.0,8.1,7,2,5,1,0,0,0,0,0,0,0,0,0,0,1,0,0,0,1,0
189,19,0.0,1.0,4.7,0.0,7.9,7,2,5,0,0,0,0,0,0,0,0,0,0,0,0,1,0,1,0,0
272,22,1.0,2.0,3.7,0.0,7.8,8,1,4,0,0,0,0,0,0,0,0,0,0,0,1,0,0,0,1,0
237,19,0.0,1.0,6.8,1.0,5.9,4,4,9,1,0,0,0,0,0,0,0,0,0,0,0,1,1,0,0,0
89,20,1.0,1.0,4.4,1.0,6.0,6,3,7,0,0,0,0,0,0,0,0,0,0,1,0,0,0,0,1,0
597,23,0.0,2.0,4.9,0.0,7.3,7,2,5,0,0,0,0,0,1,0,0,0,0,0,1,0,1,0,0,0
118,20,0.0,1.0,5.7,1.0,6.1,6,3,7,1,0,0,0,0,0,0,0,0,0,0,0,1,0,1,0,0
126,21,0.0,2.0,5.2,1.0,6.4,5,4,8,1,0,0,0,0,0,0,0,0,0,0,1,0,0,1,0,0
578,22,1.0,2.0,6.5,1.0,6.1,5,4,8,0,0,0,0,0,0,0,0,0,0,0,0,1,1,0,0,0
239,20,0.0,1.0,4.6,0.0,7.3,7,2,5,1,0,0,0,0,0,0,0,0,0,0,0,1,0,0,0,1
1,19,0.0,1.0,5.2,1.0,6.5,6,3,8,1,0,0,0,0,0,0,0,0,0,0,1,0,0,1,0,0
698,24,1.0,2.0,4.8,0.0,7.1,7,2,5,0,0,0,0,0,0,0,0,0,0,0,1,0,0,0,1,0
291,20,0.0,1.0,4.5,1.0,7.3,6,3,6,0,1,0,0,0,0,0,0,0,0,0,1,0,0,1,0,0
488,22,1.0,2.0,7.2,1.0,5.0,6,3,7,0,0,0,0,0,0,0,0,0,1,0,0,1,1,0,0,0
351,20,0.0,1.0,4.9,1.0,7.0,6,3,7,0,0,0,0,0,1,0,0,0,0,0,0,1,0,0,1,0
279,20,0.0,1.0,4.4,0.0,7.4,7,2,5,0,0,0,0,0,0,0,0,0,0,0,1,0,0,0,0,1
117,21,1.0,2.0,6.0,1.0,5.8,5,4,8,0,0,0,0,0,0,0,0,0,0,0,1,0,0,1,0,0
229,19,0.0,1.0,7.0,1.0,5.8,4,4,9,0,0,0,0,0,1,0,0,0,0,0,1,0,1,0,0,0
394,21,1.0,2.0,6.5,1.0,5.8,5,4,8,0,0,0,0,0,0,0,0,0,1,0,1,0,0,1,0,0
329,19,0.0,1.0,4.5,0.0,7.5,7,2,5,1,0,0,0,0,0,0,0,0,0,0,1,0,0,0,1,0
275,20,0.0,1.0,4.7,1.0,7.1,6,3,6,0,1,0,0,0,0,0,0,0,0,0,1,0,0,1,0,0
452,22,1.0,2.0,2.7,0.0,9.1,8,2,4,0,0,0,0,0,0,0,0,0,0,0,1,0,0,0,1,0
145,22,1.0,2.0,5.1,1.0,5.1,6,3,7,0,0,0,0,0,0,0,0,0,0,0,0,1,0,1,0,0
607,24,0.0,2.0,5.9,1.0,6.6,6,3,7,0,0,0,0,0,0,1,0,0,0,0,0,1,0,0,1,0
446,21,1.0,2.0,4.3,1.0,7.9,6,3,7,1,0,0,0,0,0,0,0,0,0,0,0,1,0,1,0,0
638,21,1.0,1.0,4.3,0.0,7.5,7,2,5,1,0,0,0,0,0,0,0,0,0,0,1,0,0,0,1,0
513,19,0.0,1.0,3.7,0.0,8.3,8,2,4,0,0,0,0,0,1,0,0,0,0,0,0,1,0,0,1,0
269,19,0.0,1.0,6.4,1.0,5.7,4,4,9,1,0,0,0,0,0,0,0,0,0,0,0,1,1,0,0,0
674,24,1.0,2.0,4.5,0.0,7.3,7,2,5,0,0,0,0,0,0,1,0,0,0,0,1,0,0,0,1,0
47,19,1.0,1.0,4.8,1.0,5.9,6,3,7,1,0,0,0,0,0,0,0,0,0,0,1,0,1,0,0,0
262,21,1.0,2.0,5.3,1.0,6.3,6,3,7,1,0,0,0,0,0,0,0,0,0,0,0,1,0,0,1,0
196,22,1.0,2.0,4.9,1.0,4.9,6,4,8,0,0,0,0,0,1,0,0,0,0,0,1,0,0,1,0,0
705,19,0.0,1.0,6.2,1.0,6.3,5,4,8,0,0,0,0,0,0,0,0,0,0,0,0,1,0,0,1,0
590,22,1.0,2.0,5.7,1.0,6.8,6,3,7,0,0,0,0,0,0,1,0,0,0,0,0,1,0,0,1,0
108,20,0.0,0.0,5.5,1.0,5.5,5,4,8,0,0,0,0,1,0,0,0,0,0,0,0,0,0,1,0,0
545,19,0.0,1.0,5.5,1.0,6.6,6,3,7,0,0,0,0,0,1,0,0,0,0,0,0,1,0,1,0,0
527,20,0.0,1.0,6.7,1.0,6.3,5,4,8,1,0,0,0,0,0,0,0,0,0,0,1,0,0,1,0,0
332,22,1.0,2.0,3.9,0.0,7.9,8,2,4,0,0,0,0,0,0,0,0,0,0,0,1,0,0,0,1,0
101,19,1.0,0.0,5.8,1.0,5.2,5,4,9,0,0,0,0,0,0,0,0,0,0,1,0,0,0,1,0,0
495,20,0.0,1.0,2.2,0.0,9.6,8,2,4,1,0,0,0,0,0,0,0,0,0,0,0,1,0,0,1,0
631,24,0.0,2.0,5.6,1.0,6.7,6,3,7,0,0,0,0,0,1,0,0,0,0,0,0,1,1,0,0,0
343,20,0.0,1.0,4.7,1.0,7.2,7,3,6,0,0,0,0,0,1,0,0,0,0,0,0,1,0,0,1,0
180,22,1.0,2.0,5.0,0.0,7.6,7,2,6,0,0,0,0,0,0,0,0,0,0,0,1,0,0,1,0,0
305,19,0.0,1.0,2.8,0.0,8.8,8,1,3,0,0,1,0,0,0,0,0,0,0,0,0,1,0,1,0,0
552,22,1.0,2.0,4.0,0.0,8.3,7,2,5,0,0,0,0,0,0,0,0,1,0,0,1,0,0,1,0,0
678,23,1.0,2.0,6.8,1.0,6.0,5,4,8,1,0,0,0,0,0,0,0,0,0,0,0,1,0,1,0,0
150,21,0.0,2.0,4.4,1.0,7.2,5,4,8,1,0,0,0,0,0,0,0,0,0,0,1,0,0,1,0,0
125,20,1.0,1.0,4.5,0.0,7.5,7,2,5,0,0,0,0,0,0,0,0,0,0,0,0,1,0,1,0,0
558,21,1.0,2.0,3.7,0.0,8.4,7,2,5,0,0,0,0,0,0,0,0,0,0,0,0,1,0,0,1,0
612,19,1.0,1.0,6.5,1.0,6.1,5,4,8,0,0,0,0,0,0,0,0,0,0,0,0,1,1,0,0,0
186,21,1.0,2.0,4.9,0.0,7.8,7,2,6,0,0,0,0,0,0,0,0,0,0,0,1,0,0,1,0,0
438,21,1.0,2.0,6.7,1.0,5.5,6,3,7,0,0,0,0,0,0,0,0,0,1,0,0,1,1,0,0,0
421,19,0.0,1.0,4.2,1.0,7.7,6,3,7,1,0,0,0,0,0,0,0,0,0,0,0,1,0,0,1,0
696,23,1.0,2.0,5.5,1.0,6.7,6,3,7,0,0,0,0,0,0,1,0,0,0,0,1,0,1,0,0,0
354,21,1.0,2.0,6.1,1.0,6.2,5,4,8,0,0,0,0,0,0,0,0,0,1,0,1,0,0,1,0,0
322,21,1.0,2.0,4.1,0.0,7.8,8,2,4,0,0,0,0,0,0,0,0,0,0,0,1,0,0,0,1,0
651,19,0.0,1.0,6.8,1.0,5.9,4,5,9,1,0,0,0,0,0,0,0,0,0,0,0,1,0,0,1,0
143,19,1.0,1.0,3.9,0.0,8.1,7,2,5,0,0,0,0,0,1,0,0,0,0,0,0,1,0,1,0,0
142,21,0.0,2.0,5.2,1.0,5.2,6,3,7,1,0,0,0,0,0,0,0,0,0,0,1,0,0,1,0,0
588,24,1.0,2.0,6.6,1.0,6.2,5,4,8,0,0,0,0,0,1,0,0,0,0,0,0,1,0,0,1,0
321,19,0.0,1.0,5.2,1.0,6.8,6,3,7,1,0,0,0,0,0,0,0,0,0,0,0,1,0,0,1,0
20,20,0.0,1.0,4.7,1.0,5.9,6,3,7,0,0,0,0,1,0,0,0,0,0,0,0,0,0,0,1,0
173,19,0.0,1.0,4.8,1.0,6.6,5,3,7,1,0,0,0,0,0,0,0,0,0,0,0,1,0,1,0,0
572,23,1.0,2.0,3.8,0.0,7.8,8,2,4,0,0,0,0,0,0,1,0,0,0,0,1,0,0,0,1,0
313,19,0.0,1.0,2.7,0.0,8.9,8,1,3,0,0,1,0,0,0,0,0,0,0,0,0,1,0,1,0,0
657,19,0.0,1.0,4.6,0.0,7.3,7,2,5,0,0,0,0,0,0,1,0,0,0,0,1,0,0,0,1,0
13,22,1.0,2.0,2.8,0.0,7.2,8,1,4,0,0,0,1,0,0,0,0,0,0,0,0,1,0,0,1,0
306,21,1.0,2.0,5.0,1.0,7.1,5,3,7,1,0,0,0,0,0,0,0,0,0,0,0,1,0,0,1,0
26,19,0.0,0.0,6.1,1.0,5.2,5,4,9,1,0,0,0,0,0,0,0,0,0,0,0,0,0,0,1,0
571,20,0.0,1.0,6.1,1.0,7.2,5,4,7,1,0,0,0,0,0,0,0,0,0,0,0,1,0,0,1,0
170,21,1.0,2.0,4.6,1.0,6.5,5,3,7,1,0,0,0,0,0,0,0,0,0,0,1,0,0,1,0,0
491,20,0.0,1.0,3.5,1.0,8.4,6,3,7,0,0,0,0,0,1,0,0,0,0,0,0,1,0,0,1,0
413,19,0.0,1.0,4.0,1.0,7.9,7,3,6,1,0,0,0,0,0,0,0,0,0,0,0,1,0,0,1,0
246,21,1.0,2.0,5.7,1.0,6.4,6,3,7,1,0,0,0,0,0,0,0,0,0,0,0,1,0,0,1,0
299,20,0.0,1.0,4.4,1.0,7.4,6,3,6,0,1,0,0,0,0,0,0,0,0,0,0,1,0,1,0,0
444,22,1.0,2.0,7.0,1.0,5.3,5,4,8,0,0,0,0,0,0,0,0,0,1,0,1,0,0,1,0,0
273,19,0.0,1.0,3.2,0.0,8.4,8,1,3,0,0,1,0,0,0,0,0,0,0,0,0,1,0,1,0,0
155,19,1.0,1.0,3.5,0.0,8.5,7,2,5,0,0,0,0,0,1,0,0,0,0,0,0,1,0,1,0,0
127,19,1.0,1.0,5.7,1.0,5.7,6,3,7,0,0,0,0,0,1,0,0,0,0,0,0,1,0,1,0,0
482,21,1.0,2.0,2.4,0.0,9.4,8,2,4,0,0,0,0,0,0,0,0,0,0,0,1,0,0,0,1,0
342,21,1.0,2.0,3.8,0.0,8.0,8,2,4,0,0,0,0,0,0,0,0,0,0,0,1,0,0,0,1,0
288,22,1.0,2.0,3.5,0.0,8.0,8,1,4,0,0,0,0,0,0,0,0,0,0,0,1,0,0,0,1,0
114,22,0.0,2.0,5.5,1.0,6.0,5,4,8,1,0,0,0,0,0,0,0,0,0,0,0,1,0,1,0,0
555,20,0.0,1.0,5.6,1.0,6.5,6,3,7,0,0,0,0,0,1,0,0,0,0,0,0,1,0,1,0,0
174,21,1.0,2.0,5.1,0.0,7.4,7,2,6,0,0,0,0,0,0,0,0,0,0,0,1,0,0,1,0,0
405,19,0.0,1.0,3.1,0.0,8.7,8,2,4,1,0,0,0,0,0,0,0,0,0,0,0,1,0,0,1,0
58,23,0.0,2.0,2.8,0.0,7.0,8,1,4,0,0,0,1,0,0,0,0,0,0,0,1,0,1,0,0,0
465,19,0.0,1.0,2.5,0.0,9.3,8,2,4,1,0,0,0,0,0,0,0,0,0,0,0,1,0,0,1,0
223,20,0.0,1.0,4.5,0.0,7.5,8,2,5,1,0,0,0,0,0,0,0,0,0,0,0,1,0,0,0,1
281,19,0.0,1.0,3.1,0.0,8.5,8,1,3,0,0,1,0,0,0,0,0,0,0,0,0,1,0,1,0,0
18,19,0.0,0.0,5.0,1.0,5.7,5,3,8,1,0,0,0,0,0,0,0,0,0,0,1,0,0,0,1,0
481,19,0.0,1.0,3.6,1.0,8.3,6,3,7,1,0,0,0,0,0,0,0,0,0,0,0,1,0,0,1,0
323,20,0.0,1.0,5.0,1.0,7.0,7,3,6,1,0,0,0,0,0,0,0,0,0,0,0,1,0,0,1,0
256,22,1.0,2.0,4.0,0.0,7.6,8,2,4,0,0,0,0,0,0,0,0,0,0,0,1,0,0,0,1,0
427,20,0.0,1.0,7.8,1.0,4.5,5,4,9,0,0,0,0,0,1,0,0,0,0,0,1,0,1,0,0,0
676,22,1.0,2.0,7.2,1.0,5.7,4,5,9,0,0,0,0,0,0,0,0,0,0,0,0,1,0,1,0,0
191,20,0.0,1.0,4.5,1.0,7.2,5,3,7,1,0,0,0,0,0,0,0,0,0,0,0,1,0,1,0,0
449,19,0.0,1.0,3.3,0.0,8.7,7,2,5,1,0,0,0,0,0,0,0,0,0,0,1,0,0,0,1,0
623,22,0.0,2.0,4.6,0.0,7.3,7,2,5,0,0,0,0,0,0,1,0,0,0,0,1,0,0,0,1,0
622,20,1.0,1.0,6.5,1.0,6.2,5,4,8,0,0,0,0,0,0,0,0,0,0,0,0,1,0,0,1,0
95,23,1.0,2.0,2.4,0.0,7.4,8,1,4,0,0,0,1,0,0,0,0,0,0,0,0,0,0,0,1,0
181,19,0.0,1.0,5.8,1.0,5.4,6,4,8,0,0,0,0,0,1,0,0,0,0,0,0,1,0,1,0,0
302,21,1.0,2.0,4.8,1.0,6.8,6,3,7,0,0,0,0,0,0,0,0,0,0,0,1,0,0,0,1,0
437,19,0.0,1.0,7.9,1.0,4.4,5,4,9,1,0,0,0,0,0,0,0,0,0,0,1,0,1,0,0,0
518,21,1.0,2.0,4.1,0.0,8.0,7,2,5,0,0,0,0,0,0,0,0,0,0,0,0,1,0,0,1,0
539,20,0.0,1.0,7.1,1.0,5.7,5,4,8,0,0,0,0,0,0,0,0,0,1,0,1,0,0,1,0,0
582,24,1.0,2.0,4.9,0.0,7.3,7,2,5,0,0,0,0,0,0,0,0,0,0,0,1,0,0,0,1,0
524,22,1.0,2.0,4.5,1.0,7.7,7,3,6,0,0,0,0,0,0,0,0,0,0,0,1,0,0,0,0,1
6,19,0.0,1.0,7.2,1.0,4.5,4,5,9,1,0,0,0,0,0,0,0,0,0,0,0,0,0,0,0,1
692,24,1.0,2.0,5.9,1.0,6.5,6,3,7,1,0,0,0,0,0,0,0,0,0,0,0,1,0,0,1,0
46,23,0.0,2.0,2.7,0.0,7.1,8,1,4,0,0,0,1,0,0,0,0,0,0,0,0,0,1,0,0,0
450,21,1.0,2.0,4.1,1.0,8.1,6,3,7,1,0,0,0,0,0,0,0,0,0,0,0,1,1,0,0,0
532,22,1.0,2.0,4.2,0.0,8.1,7,2,5,0,0,0,0,0,0,0,0,1,0,0,1,0,0,1,0,0
172,22,1.0,2.0,5.3,1.0,5.7,6,4,8,0,0,0,0,0,1,0,0,0,0,0,1,0,0,1,0,0
17,24,1.0,2.0,2.0,0.0,7.8,8,0,3,0,0,0,1,0,0,0,0,0,0,0,0,1,0,0,1,0
49,22,1.0,2.0,3.3,0.0,6.7,7,2,5,0,0,0,0,0,0,0,0,0,0,0,1,0,1,0,0,0
682,22,1.0,2.0,5.8,1.0,6.6,6,3,7,0,0,0,0,0,1,0,0,0,0,0,0,1,1,0,0,0
646,22,1.0,2.0,6.3,1.0,6.2,5,4,8,0,0,0,0,0,0,0,0,0,0,0,0,1,1,0,0,0
4,18,1.0,0.0,3.0,0.0,7.0,7,1,4,0,0,0,0,0,0,0,0,0,0,1,0,1,0,0,1,0
694,22,1.0,2.0,4.5,0.0,7.3,7,2,5,0,0,0,0,0,0,0,0,0,0,0,1,0,0,0,1,0
445,19,0.0,1.0,2.7,0.0,9.1,8,2,4,1,0,0,0,0,0,0,0,0,0,0,0,1,0,0,1,0
317,19,0.0,1.0,7.1,1.0,5.0,4,4,9,1,0,0,0,0,0,0,0,0,0,0,0,1,1,0,0,0
650,24,1.0,2.0,4.7,0.0,7.2,7,2,5,0,0,0,0,0,0,0,0,0,0,0,1,0,0,0,1,0
284,22,1.0,2.0,4.1,0.0,7.9,7,2,5,0,0,0,0,0,0,0,1,0,0,0,1,0,0,0,1,0
97,18,1.0,0.0,5.7,1.0,5.3,5,4,8,0,0,0,0,1,0,0,0,0,0,0,1,0,0,1,0,0
286,21,1.0,2.0,5.0,1.0,6.6,6,3,7,0,0,0,0,0,0,0,0,0,0,0,1,0,0,0,1,0
423,20,0.0,1.0,3.9,1.0,8.0,7,3,6,0,0,0,0,0,1,0,0,0,0,0,0,1,0,0,1,0
226,21,1.0,2.0,5.5,1.0,6.8,6,3,7,1,0,0,0,0,0,0,0,0,0,0,0,1,0,0,1,0
27,21,1.0,1.0,3.8,0.0,6.6,7,1,5,0,0,0,0,0,0,0,0,0,0,1,0,1,0,0,0,1
583,20,0.0,1.0,6.7,1.0,6.0,5,4,8,1,0,0,0,0,0,0,0,0,0,0,0,1,0,0,1,0
264,22,1.0,2.0,3.8,0.0,7.7,8,1,4,1,0,0,0,0,0,0,0,0,0,0,0,1,0,0,1,0
51,21,1.0,1.0,3.8,0.0,6.4,7,2,6,0,0,0,0,0,0,0,0,0,0,1,0,1,1,0,0,0
365,19,0.0,1.0,3.5,0.0,8.3,8,2,4,1,0,0,0,0,0,0,0,0,0,0,0,1,0,0,1,0
230,21,1.0,2.0,5.5,1.0,6.7,6,3,7,1,0,0,0,0,0,0,0,0,0,0,0,1,0,0,1,0
38,19,0.0,0.0,6.2,1.0,5.1,5,4,9,1,0,0,0,0,0,0,0,0,0,0,1,0,0,1,0,0
158,21,0.0,2.0,3.4,0.0,8.6,8,2,5,1,0,0,0,0,0,0,0,0,0,0,1,0,0,1,0,0
238,21,1.0,2.0,5.6,1.0,6.6,6,3,7,0,0,0,0,0,0,0,0,0,0,0,1,0,0,0,1,0
677,20,0.0,1.0,4.6,0.0,7.2,7,2,5,0,0,0,0,0,1,0,0,0,0,0,1,0,0,0,1,0
375,20,0.0,1.0,3.4,0.0,8.4,8,2,4,1,0,0,0,0,0,0,0,0,0,0,0,1,0,0,1,0
371,20,0.0,1.0,4.7,1.0,7.2,6,3,7,0,0,0,0,0,1,0,0,0,0,0,0,1,0,0,1,0
176,22,1.0,2.0,4.5,1.0,6.7,5,3,7,1,0,0,0,0,0,0,0,0,0,0,1,0,0,1,0,0
598,20,1.0,1.0,6.4,1.0,6.2,5,4,8,0,0,0,0,0,0,0,0,0,0,0,0,1,0,0,1,0
685,21,0.0,1.0,6.7,1.0,6.0,4,5,9,1,0,0,0,0,0,0,0,0,0,0,0,1,0,0,1,0
520,22,1.0,2.0,4.7,1.0,7.5,7,3,6,0,0,0,0,0,1,0,0,0,0,0,0,1,1,0,0,0
195,20,0.0,1.0,4.6,0.0,8.1,7,2,5,0,0,0,0,0,0,0,0,0,0,0,0,1,0,1,0,0
600,19,1.0,1.0,6.7,1.0,6.0,4,4,8,1,0,0,0,0,0,0,0,0,0,0,0,1,0,0,1,0
608,21,1.0,1.0,7.1,1.0,5.7,4,5,9,0,0,0,0,0,0,0,0,0,0,0,0,1,0,1,0,0
435,20,0.0,1.0,2.8,0.0,9.0,8,2,4,1,0,0,0,0,0,0,0,0,0,0,0,1,0,0,1,0
649,21,0.0,1.0,6.2,1.0,6.3,5,4,8,0,0,0,0,0,0,1,0,0,0,0,0,1,0,0,1,0
458,21,1.0,2.0,6.9,1.0,5.3,6,3,7,0,0,0,0,0,0,0,0,0,1,0,0,1,1,0,0,0
681,19,0.0,1.0,4.7,0.0,7.2,7,2,5,1,0,0,0,0,0,0,0,0,0,0,1,0,0,0,1,0
587,21,0.0,1.0,4.1,0.0,7.7,7,2,5,1,0,0,0,0,0,0,0,0,0,0,1,0,0,0,1,0
606,19,1.0,1.0,4.7,0.0,7.2,7,2,5,1,0,0,0,0,0,0,0,0,0,0,1,0,0,0,1,0
68,19,0.0,0.0,5.7,1.0,5.4,5,4,8,0,0,0,0,0,1,0,0,0,0,0,1,0,0,0,1,0
501,19,0.0,1.0,6.2,1.0,6.3,6,3,7,0,0,0,0,0,0,0,0,0,1,0,0,1,1,0,0,0
169,19,0.0,1.0,5.6,1.0,5.8,6,4,8,0,0,0,0,0,1,0,0,0,0,0,0,1,0,1,0,0
457,19,0.0,1.0,8.1,1.0,4.2,5,4,9,1,0,0,0,0,0,0,0,0,0,0,1,0,1,0,0,0
163,20,0.0,1.0,5.5,1.0,5.9,6,4,8,0,0,0,0,0,1,0,0,0,0,0,0,1,0,1,0,0
310,21,1.0,2.0,4.7,1.0,6.9,6,3,7,1,0,0,0,0,0,0,0,0,0,0,0,1,0,0,1,0
194,21,1.0,2.0,4.2,1.0,7.3,5,3,7,1,0,0,0,0,0,0,0,0,0,0,1,0,0,1,0,0
604,20,1.0,1.0,4.5,0.0,7.4,7,2,5,0,0,0,0,0,0,0,0,0,0,0,1,0,0,0,1,0
366,21,1.0,2.0,5.1,1.0,7.1,6,3,7,1,0,0,0,0,0,0,0,0,0,0,0,1,0,1,0,0
384,22,1.0,2.0,6.4,1.0,5.9,5,4,8,0,0,0,0,0,0,0,0,0,1,0,1,0,0,1,0,0
636,19,1.0,1.0,4.4,0.0,7.4,8,2,4,0,0,0,0,0,0,1,0,0,0,0,0,1,0,1,0,0
663,19,0.0,1.0,6.4,1.0,6.2,5,4,8,0,0,0,0,0,1,0,0,0,0,0,0,1,1,0,0,0
153,22,1.0,2.0,4.3,1.0,7.3,5,4,8,0,0,0,0,0,0,0,0,0,0,0,0,1,0,1,0,0
679,21,0.0,1.0,5.3,1.0,6.8,6,3,7,0,0,0,0,0,0,1,0,0,0,0,1,0,1,0,0,0
484,22,1.0,2.0,7.4,1.0,4.9,5,4,8,0,0,0,0,0,0,0,0,0,1,0,1,0,0,1,0,0
227,20,0.0,1.0,5.2,1.0,6.5,6,3,6,0,1,0,0,0,0,0,0,0,0,0,1,0,0,1,0,0
697,21,0.0,1.0,6.3,1.0,6.2,5,4,8,0,0,0,0,0,1,0,0,0,0,0,0,1,1,0,0,0
579,19,0.0,1.0,4.7,0.0,7.4,7,2,5,0,0,0,0,0,0,1,0,0,0,0,0,1,0,0,1,0
104,18,0.0,0.0,5.6,1.0,5.4,5,4,8,1,0,0,0,0,0,0,0,0,0,0,0,1,0,1,0,0
422,21,1.0,2.0,3.0,0.0,8.8,8,2,4,0,0,0,0,0,0,0,0,0,0,0,1,0,0,0,1,0
504,22,1.0,2.0,4.7,1.0,7.5,7,3,6,1,0,0,0,0,0,0,0,0,0,0,1,0,0,0,0,1
534,21,1.0,2.0,4.4,1.0,7.8,7,3,6,0,0,0,0,0,0,0,0,0,0,0,1,0,0,0,0,1
75,23,1.0,2.0,2.5,0.0,7.3,8,1,4,0,0,0,1,0,0,0,0,0,0,0,1,0,0,0,1,0
116,19,0.0,1.0,4.8,0.0,7.2,8,2,5,1,0,0,0,0,0,0,0,0,0,0,0,1,0,1,0,0
408,22,1.0,2.0,6.4,1.0,5.8,6,3,7,0,0,0,0,0,0,0,0,0,1,0,0,1,1,0,0,0
680,24,1.0,2.0,6.2,1.0,6.3,5,4,8,0,0,0,0,0,0,0,0,0,0,0,0,1,1,0,0,0
120,19,0.0,1.0,5.4,1.0,6.2,5,4,8,1,0,0,0,0,0,0,0,0,0,0,1,0,0,1,0,0
54,19,0.0,0.0,5.7,1.0,5.5,5,4,8,1,0,0,0,0,0,0,0,0,0,0,0,1,1,0,0,0
152,20,0.0,1.0,3.6,0.0,8.4,8,2,5,1,0,0,0,0,0,0,0,0,0,0,1,0,0,1,0,0
404,22,1.0,2.0,6.6,1.0,5.7,5,4,8,0,0,0,0,0,0,0,0,0,1,0,1,0,0,1,0,0
665,20,0.0,1.0,5.6,1.0,6.7,6,3,7,1,0,0,0,0,0,0,0,0,0,0,0,1,1,0,0,0
208,22,1.0,2.0,4.7,1.0,4.5,6,4,8,0,0,0,0,0,1,0,0,0,0,0,1,0,0,1,0,0
468,22,1.0,2.0,7.0,1.0,5.2,6,3,7,0,0,0,0,0,0,0,0,0,1,0,0,1,1,0,0,0
500,22,1.0,2.0,3.6,1.0,8.6,6,3,7,0,0,0,0,0,1,0,0,0,0,0,0,1,1,0,0,0
480,22,1.0,2.0,3.8,1.0,8.4,6,3,7,0,0,0,0,0,1,0,0,0,0,0,0,1,1,0,0,0
544,22,1.0,2.0,4.3,1.0,7.9,7,3,6,1,0,0,0,0,0,0,0,0,0,0,1,0,0,0,0,1
9,18,1.0,0.0,4.0,0.0,6.5,7,1,5,0,0,0,0,0,1,0,0,0,0,0,0,1,0,1,0,0
570,21,1.0,2.0,4.2,1.0,8.0,7,3,6,1,0,0,0,0,0,0,0,0,0,0,0,1,1,0,0,0
37,22,1.0,2.0,3.1,0.0,6.8,7,1,5,0,0,0,0,0,0,0,0,0,0,0,0,1,0,1,0,0
453,19,0.0,1.0,3.6,1.0,8.3,7,3,6,1,0,0,0,0,0,0,0,0,0,0,0,1,0,0,1,0
140,20,0.0,1.0,4.0,0.0,8.0,8,2,5,1,0,0,0,0,0,0,0,0,0,0,1,0,0,1,0,0
254,21,1.0,2.0,5.4,1.0,6.5,6,3,7,0,0,0,0,0,0,0,0,0,0,0,1,0,0,0,1,0
304,22,1.0,2.0,3.3,0.0,8.2,8,1,4,0,0,0,0,0,0,0,0,0,0,0,1,0,0,0,1,0
530,21,1.0,2.0,4.6,1.0,7.6,7,3,6,1,0,0,0,0,0,0,0,0,0,0,0,1,1,0,0,0
533,19,0.0,1.0,3.5,0.0,8.5,8,2,4,1,0,0,0,0,0,0,0,0,0,0,0,1,0,0,1,0
369,19,0.0,1.0,4.1,0.0,7.9,7,2,5,1,0,0,0,0,0,0,0,0,0,0,1,0,0,0,1,0
60,20,0.0,1.0,5.4,1.0,5.7,5,4,8,0,0,0,0,0,1,0,0,0,0,0,0,1,0,0,1,0
112,21,0.0,1.0,5.8,1.0,5.9,6,3,7,0,0,0,0,0,1,0,0,0,0,0,1,0,0,1,0,0
502,21,1.0,2.0,4.5,0.0,7.8,7,2,5,0,0,0,0,0,0,0,0,1,0,0,1,0,0,1,0,0
515,20,0.0,1.0,5.2,1.0,6.9,6,3,7,0,0,0,0,0,1,0,0,0,0,0,0,1,0,1,0,0
643,24,0.0,2.0,4.6,0.0,7.2,7,2,5,0,0,0,0,0,0,0,0,0,0,0,1,0,0,0,1,0
263,20,0.0,1.0,4.3,0.0,7.5,7,2,5,0,0,0,0,0,0,0,0,0,0,0,1,0,0,0,0,1
609,23,0.0,2.0,4.4,0.0,7.4,7,2,5,1,0,0,0,0,0,0,0,0,0,0,1,0,0,0,1,0
298,21,1.0,2.0,5.1,1.0,7.0,5,3,8,0,0,0,0,0,1,0,0,0,0,0,1,0,0,0,1,0
478,21,1.0,2.0,7.1,1.0,5.1,6,3,7,0,0,0,0,0,0,0,0,0,1,0,0,1,1,0,0,0
415,20,0.0,1.0,3.0,0.0,8.8,8,2,4,1,0,0,0,0,0,0,0,0,0,0,0,1,0,0,1,0
151,19,1.0,1.0,4.9,1.0,4.9,6,3,7,0,0,0,0,0,1,0,0,0,0,0,0,1,0,1,0,0
434,21,1.0,2.0,6.9,1.0,5.4,5,4,8,0,0,0,0,0,0,0,0,0,1,0,1,0,0,1,0,0
560,22,1.0,2.0,4.3,1.0,7.9,7,3,6,0,0,0,0,0,1,0,0,0,0,0,0,1,1,0,0,0
441,19,0.0,1.0,4.0,1.0,7.9,6,3,7,1,0,0,0,0,0,0,0,0,0,0,0,1,0,0,1,0
671,20,0.0,1.0,6.1,1.0,6.4,5,4,8,0,0,0,0,0,0,0,0,0,0,0,0,1,0,0,1,0
267,20,0.0,1.0,4.8,1.0,7.0,6,3,6,0,1,0,0,0,0,0,0,0,0,0,0,1,0,1,0,0
614,21,1.0,1.0,5.7,1.0,6.7,6,3,7,1,0,0,0,0,0,0,0,0,0,0,0,1,1,0,0,0
360,22,1.0,2.0,5.0,1.0,7.2,6,3,7,0,0,0,0,0,1,0,0,0,0,0,0,1,1,0,0,0
626,21,1.0,1.0,4.5,0.0,7.3,7,2,5,0,0,0,0,0,0,0,0,0,0,0,1,0,0,0,1,0
39,21,1.0,1.0,3.9,0.0,6.5,7,2,6,0,0,0,0,0,0,0,0,0,0,1,0,0,0,0,0,0
128,20,0.0,1.0,4.4,0.0,7.6,8,2,5,1,0,0,0,0,0,0,0,0,0,0,1,0,0,1,0,0
424,22,1.0,2.0,6.8,1.0,5.5,5,4,8,0,0,0,0,0,0,0,0,0,1,0,1,0,0,1,0,0
417,19,0.0,1.0,7.7,1.0,4.6,5,4,9,1,0,0,0,0,0,0,0,0,0,0,1,0,1,0,0,0
489,19,0.0,1.0,2.9,0.0,9.1,7,2,5,1,0,0,0,0,0,0,0,0,0,0,1,0,0,0,1,0
308,22,1.0,2.0,3.8,0.0,8.2,7,2,5,0,0,0,0,0,0,0,1,0,0,0,0,1,0,0,1,0
199,20,0.0,1.0,6.1,1.0,4.8,6,4,8,0,0,0,0,0,1,0,0,0,0,0,0,1,0,1,0,0
352,22,1.0,2.0,3.7,0.0,8.1,8,2,4,0,0,0,0,0,0,0,0,0,0,0,1,0,0,0,1,0
507,20,0.0,1.0,6.5,1.0,6.5,5,4,8,1,0,0,0,0,0,0,0,0,0,0,1,0,0,1,0,0
147,19,1.0,1.0,4.5,1.0,7.1,5,4,8,0,0,0,0,0,1,0,0,0,0,0,0,1,0,1,0,0
451,20,0.0,1.0,3.9,1.0,8.0,6,3,7,0,0,0,0,0,1,0,0,0,0,0,0,1,0,0,1,0
654,23,1.0,2.0,6.2,1.0,6.3,5,4,8,0,0,0,0,0,1,0,0,0,0,0,0,1,0,0,1,0
529,19,0.0,1.0,7.0,1.0,5.8,5,4,8,0,0,0,0,0,0,0,0,0,1,0,1,0,0,1,0,0
420,22,1.0,2.0,4.4,1.0,7.8,6,3,7,0,0,0,0,0,1,0,0,0,0,0,0,1,1,0,0,0
443,20,0.0,1.0,3.7,1.0,8.2,7,3,6,0,0,0,0,0,1,0,0,0,0,0,0,1,0,0,1,0
628,20,1.0,1.0,5.5,1.0,6.8,6,3,7,0,0,0,0,0,0,1,0,0,0,0,1,0,1,0,0,0
148,20,0.0,1.0,5.0,1.0,5.0,6,3,7,1,0,0,0,0,0,0,0,0,0,0,1,0,0,1,0,0
553,19,0.0,1.0,3.3,0.0,8.7,8,2,4,1,0,0,0,0,0,0,0,0,0,0,0,1,0,0,1,0
349,19,0.0,1.0,4.3,0.0,7.7,7,2,5,1,0,0,0,0,0,0,0,0,0,0,1,0,0,0,1,0
464,22,1.0,2.0,7.2,1.0,5.1,5,4,8,0,0,0,0,0,0,0,0,0,1,0,1,0,0,1,0,0
326,21,1.0,2.0,5.5,1.0,6.7,6,3,7,1,0,0,0,0,0,0,0,0,0,0,0,1,0,1,0,0
187,20,0.0,1.0,5.9,1.0,5.2,6,4,8,0,0,0,0,0,1,0,0,0,0,0,0,1,0,1,0,0
124,22,0.0,2.0,5.8,1.0,5.8,6,3,7,1,0,0,0,0,0,0,0,0,0,0,1,0,0,1,0,0
599,22,0.0,2.0,5.1,0.0,7.1,7,2,5,0,0,0,0,0,0,1,0,0,0,0,1,0,0,0,1,0
144,20,0.0,1.0,4.6,1.0,7.0,5,4,8,1,0,0,0,0,0,0,0,0,0,0,1,0,0,1,0,0
672,23,1.0,2.0,4.3,0.0,7.5,7,2,5,1,0,0,0,0,0,0,0,0,0,0,1,0,0,0,1,0
198,21,1.0,2.0,4.7,0.0,8.2,7,2,6,0,0,0,0,0,0,0,0,0,0,0,1,0,0,1,0,0
280,22,1.0,2.0,3.6,0.0,7.9,8,1,4,1,0,0,0,0,0,0,0,0,0,0,0,1,0,0,1,0
294,21,1.0,2.0,4.9,1.0,6.7,6,3,7,1,0,0,0,0,0,0,0,0,0,0,0,1,0,0,1,0
401,19,0.0,1.0,4.4,1.0,7.5,6,3,7,1,0,0,0,0,0,0,0,0,0,0,0,1,0,0,1,0
123,19,1.0,1.0,5.3,1.0,6.3,5,4,8,0,0,0,0,0,1,0,0,0,0,0,0,1,0,1,0,0
184,22,1.0,2.0,5.1,1.0,5.3,6,4,8,0,0,0,0,0,1,0,0,0,0,0,1,0,0,1,0,0
203,20,0.0,1.0,4.3,1.0,7.6,5,3,7,1,0,0,0,0,0,0,0,0,0,0,0,1,0,1,0,0
439,20,0.0,1.0,3.4,0.0,8.6,7,2,5,1,0,0,0,0,0,0,0,0,0,0,1,0,0,0,1,0
247,20,0.0,1.0,4.8,0.0,7.2,7,2,5,0,0,0,0,0,0,0,0,0,0,0,1,0,0,0,0,1
416,22,1.0,2.0,4.6,1.0,7.6,6,3,7,0,0,0,0,0,1,0,0,0,0,0,0,1,0,1,0,0
625,24,0.0,2.0,7.0,1.0,5.8,4,5,9,0,0,0,0,0,1,0,0,0,0,0,0,1,0,1,0,0
130,21,0.0,2.0,5.6,1.0,5.6,6,3,7,1,0,0,0,0,0,0,0,0,0,0,1,0,0,1,0,0
403,20,0.0,1.0,4.1,1.0,7.8,7,3,6,0,0,0,0,0,1,0,0,0,0,0,0,1,0,0,1,0
653,20,0.0,1.0,4.3,0.0,7.5,8,2,4,0,0,0,0,0,0,1,0,0,0,0,0,1,0,1,0,0
548,22,1.0,2.0,3.8,0.0,8.3,7,2,5,0,0,0,0,0,0,0,0,0,0,0,0,1,0,0,1,0
220,22,1.0,2.0,4.5,1.0,4.1,6,4,8,0,0,0,0,0,1,0,0,0,0,0,1,0,0,1,0,0
641,22,0.0,2.0,5.9,1.0,6.5,6,3,7,1,0,0,0,0,0,0,0,0,0,0,0,1,0,0,1,0
536,22,1.0,2.0,5.8,1.0,6.5,6,3,7,0,0,0,0,0,0,0,0,0,1,0,0,1,0,1,0,0
644,21,1.0,1.0,6.8,1.0,6.0,5,4,8,1,0,0,0,0,0,0,0,0,0,0,0,1,0,1,0,0
543,20,0.0,1.0,3.4,0.0,8.6,8,2,4,1,0,0,0,0,0,0,0,0,0,0,0,1,0,0,1,0
387,20,0.0,1.0,7.4,1.0,4.9,5,4,9,0,0,0,0,0,1,0,0,0,0,0,1,0,1,0,0,0
683,20,0.0,1.0,6.1,1.0,6.4,5,4,8,0,0,0,0,0,0,1,0,0,0,0,0,1,0,0,1,0
510,21,1.0,2.0,4.8,1.0,7.4,7,3,6,1,0,0,0,0,0,0,0,0,0,0,0,1,1,0,0,0
268,22,1.0,2.0,4.3,0.0,7.7,7,2,5,0,0,0,0,0,0,0,1,0,0,0,1,0,0,0,1,0
442,21,1.0,2.0,2.8,0.0,9.0,8,2,4,0,0,0,0,0,0,0,0,0,0,0,1,0,0,0,1,0
497,19,0.0,1.0,8.5,1.0,3.8,5,4,9,1,0,0,0,0,0,0,0,0,0,0,1,0,1,0,0,0
113,19,1.0,1.0,4.9,0.0,7.1,7,2,5,0,0,0,0,0,0,0,0,0,0,0,0,1,0,1,0,0
233,19,0.0,1.0,3.5,0.0,8.0,8,1,3,0,0,1,0,0,0,0,0,0,0,0,0,1,0,1,0,0
613,24,0.0,2.0,4.8,0.0,7.3,7,2,5,0,0,0,0,0,0,1,0,0,0,0,1,0,0,0,1,0
374,21,1.0,2.0,6.3,1.0,6.0,5,4,8,0,0,0,0,0,0,0,0,0,1,0,1,0,0,1,0,0
234,21,1.0,2.0,5.7,1.0,6.5,5,3,8,0,0,0,0,0,1,0,0,0,0,0,1,0,0,0,1,0
668,24,1.0,2.0,6.9,1.0,5.9,4,5,9,1,0,0,0,0,0,0,0,0,0,0,0,1,0,0,1,0
318,21,1.0,2.0,4.6,1.0,7.0,6,3,7,0,0,0,0,0,0,0,0,0,0,0,1,0,0,0,1,0
411,20,0.0,1.0,4.3,1.0,7.6,6,3,7,0,0,0,0,0,1,0,0,0,0,0,0,1,0,0,1,0
630,19,1.0,1.0,4.7,0.0,7.2,7,2,5,1,0,0,0,0,0,0,0,0,0,0,1,0,0,0,1,0
359,20,0.0,1.0,4.2,0.0,7.8,7,2,5,1,0,0,0,0,0,0,0,0,0,0,1,0,0,0,1,0
259,20,0.0,1.0,5.0,1.0,6.7,6,3,6,0,1,0,0,0,0,0,0,0,0,0,1,0,0,1,0,0
283,20,0.0,1.0,4.6,1.0,7.2,6,3,6,0,1,0,0,0,0,0,0,0,0,0,0,1,0,1,0,0
377,19,0.0,1.0,7.3,1.0,5.0,5,4,9,1,0,0,0,0,0,0,0,0,0,0,1,0,1,0,0,0
385,19,0.0,1.0,3.3,0.0,8.5,8,2,4,1,0,0,0,0,0,0,0,0,0,0,0,1,0,0,1,0
225,19,0.0,1.0,3.8,0.0,7.9,8,1,3,0,0,1,0,0,0,0,0,0,0,0,0,1,0,1,0,0
670,22,1.0,2.0,4.4,0.0,7.4,8,2,4,0,0,0,0,0,0,1,0,0,0,0,0,1,0,1,0,0
581,21,0.0,1.0,6.3,1.0,6.4,5,4,8,0,0,0,0,0,1,0,0,0,0,0,0,1,0,0,1,0
473,19,0.0,1.0,3.4,1.0,8.5,7,3,6,1,0,0,0,0,0,0,0,0,0,0,0,1,0,0,1,0
348,22,1.0,2.0,5.8,1.0,6.4,6,3,7,0,0,0,0,0,0,0,0,0,1,0,0,1,1,0,0,0
506,21,1.0,2.0,5.5,1.0,6.8,6,3,7,0,0,0,0,0,0,0,0,0,1,0,0,1,0,1,0,0
695,20,0.0,1.0,6.6,1.0,6.1,5,4,8,1,0,0,0,0,0,0,0,0,0,0,0,1,0,1,0,0
652,22,1.0,2.0,5.6,1.0,6.7,6,3,7,0,0,0,0,0,0,0,0,1,0,0,1,0,0,1,0,0
635,22,0.0,2.0,5.7,1.0,6.7,6,3,7,0,0,0,0,0,0,0,0,1,0,0,1,0,0,1,0,0
658,22,1.0,2.0,5.8,1.0,6.6,6,3,7,1,0,0,0,0,0,0,0,0,0,0,0,1,0,0,1,0
557,19,0.0,1.0,7.0,1.0,6.0,5,4,8,1,0,0,0,0,0,0,0,0,0,0,1,0,0,1,0,0
86,21,0.0,1.0,4.5,1.0,5.8,6,3,7,1,0,0,0,0,0,0,0,0,0,0,0,0,0,0,1,0
243,20,0.0,1.0,5.1,1.0,6.6,6,3,6,0,1,0,0,0,0,0,0,0,0,0,1,0,0,1,0,0
160,20,0.0,1.0,4.6,1.0,4.6,6,3,7,1,0,0,0,0,0,0,0,0,0,0,1,0,0,1,0,0
525,19,0.0,1.0,5.3,1.0,6.8,6,3,7,0,0,0,0,0,1,0,0,0,0,0,0,1,0,1,0,0
36,20,0.0,1.0,5.6,1.0,5.5,5,4,8,0,0,0,0,0,1,0,0,0,0,0,0,0,0,1,0,0
541,19,0.0,1.0,5.8,1.0,6.7,6,3,7,0,0,0,0,0,0,0,0,0,1,0,0,1,1,0,0,0
171,20,0.0,1.0,5.0,0.0,7.3,7,2,5,0,0,0,0,0,0,0,0,0,0,0,0,1,0,1,0,0
603,23,0.0,2.0,6.2,1.0,6.4,5,4,8,1,0,0,0,0,0,0,0,0,0,0,0,1,0,0,1,0
595,20,0.0,1.0,6.2,1.0,6.3,5,4,8,0,0,0,0,0,0,0,0,0,0,0,0,1,1,0,0,0
690,23,1.0,2.0,6.5,1.0,6.1,5,4,8,0,0,0,0,0,0,0,0,0,0,0,0,1,0,0,1,0
96,19,0.0,1.0,4.9,1.0,5.7,6,3,7,0,0,0,0,0,1,0,0,0,0,0,0,1,0,1,0,0
564,22,1.0,2.0,4.1,1.0,8.1,7,3,6,1,0,0,0,0,0,0,0,0,0,0,1,0,0,0,0,1
241,19,0.0,1.0,3.7,0.0,7.8,8,1,3,0,0,1,0,0,0,0,0,0,0,0,0,1,0,1,0,0
575,21,0.0,1.0,4.2,0.0,7.5,7,2,5,1,0,0,0,0,0,0,0,0,0,0,1,0,0,0,1,0
461,19,0.0,1.0,3.8,1.0,8.1,6,3,7,1,0,0,0,0,0,0,0,0,0,0,0,1,0,0,1,0
554,21,1.0,2.0,4.2,1.0,8.0,7,3,6,0,0,0,0,0,0,0,0,0,0,0,1,0,0,0,0,1
618,19,1.0,1.0,5.6,1.0,6.8,6,3,7,0,0,0,0,0,0,0,0,1,0,0,1,0,0,1,0,0
207,20,0.0,1.0,4.4,0.0,8.5,7,2,5,0,0,0,0,0,0,0,0,0,0,0,0,1,0,1,0,0
393,19,0.0,1.0,4.2,1.0,7.7,7,3,6,1,0,0,0,0,0,0,0,0,0,0,0,1,0,0,1,0
398,21,1.0,2.0,6.3,1.0,5.9,6,3,7,0,0,0,0,0,0,0,0,0,1,0,0,1,1,0,0,0
596,21,1.0,1.0,5.8,1.0,6.7,6,3,7,1,0,0,0,0,0,0,0,0,0,0,0,1,0,0,1,0
218,21,1.0,2.0,3.8,1.0,8.1,5,3,7,1,0,0,0,0,0,0,0,0,0,0,1,0,0,1,0,0
5,21,1.0,2.0,4.5,1.0,6.0,6,2,7,0,0,0,0,0,0,0,0,0,0,0,1,0,1,0,0,0
629,22,0.0,2.0,6.4,1.0,6.2,5,4,8,0,0,0,0,0,0,0,0,0,0,0,0,1,1,0,0,0
547,20,0.0,1.0,6.9,1.0,6.1,5,4,8,1,0,0,0,0,0,0,0,0,0,0,1,0,0,1,0,0
99,20,1.0,1.0,4.6,1.0,5.9,6,3,7,1,0,0,0,0,0,0,0,0,0,0,0,1,0,1,0,0
574,22,1.0,2.0,7.2,1.0,5.9,4,5,9,0,0,0,0,0,0,0,0,0,0,0,0,1,0,1,0,0
407,20,0.0,1.0,7.6,1.0,4.7,5,4,9,0,0,0,0,0,1,0,0,0,0,0,1,0,1,0,0,0
503,20,0.0,1.0,3.8,0.0,8.2,8,2,4,1,0,0,0,0,0,0,0,0,0,0,0,1,0,0,1,0
48,20,0.0,1.0,5.5,1.0,5.6,5,4,8,0,0,0,0,0,1,0,0,0,0,0,0,1,1,0,0,0
33,18,1.0,0.0,5.4,1.0,5.4,5,4,8,0,0,0,0,0,1,0,0,0,0,0,0,0,0,1,0,0
201,19,0.0,1.0,4.5,0.0,8.3,7,2,5,0,0,0,0,0,0,0,0,0,0,0,0,1,0,1,0,0
135,19,1.0,1.0,4.9,1.0,6.7,5,4,8,0,0,0,0,0,1,0,0,0,0,0,0,1,0,1,0,0
28,20,0.0,1.0,4.4,1.0,5.9,6,3,7,0,0,0,0,0,1,0,0,0,0,0,1,0,0,1,0,0
620,21,1.0,1.0,6.3,1.0,6.3,5,4,8,0,0,0,0,0,1,0,0,0,0,0,0,1,0,0,1,0
231,20,0.0,1.0,4.7,0.0,7.4,7,2,5,0,0,0,0,0,0,0,0,0,0,0,1,0,0,0,0,1
490,21,1.0,2.0,3.7,1.0,8.5,6,3,7,1,0,0,0,0,0,0,0,0,0,0,0,1,1,0,0,0
379,20,0.0,1.0,4.0,0.0,8.0,7,2,5,1,0,0,0,0,0,0,0,0,0,0,1,0,0,0,1,0
289,19,0.0,1.0,3.0,0.0,8.6,8,1,3,0,0,1,0,0,0,0,0,0,0,0,0,1,0,1,0,0
419,20,0.0,1.0,3.6,0.0,8.4,7,2,5,1,0,0,0,0,0,0,0,0,0,0,1,0,0,0,1,0
392,22,1.0,2.0,3.3,0.0,8.5,8,2,4,0,0,0,0,0,0,0,0,0,0,0,1,0,0,0,1,0
593,21,0.0,1.0,6.9,1.0,6.1,5,4,8,0,0,0,0,0,1,0,0,0,0,0,0,1,0,1,0,0
499,20,0.0,1.0,2.8,0.0,9.2,7,2,5,1,0,0,0,0,0,0,0,0,0,0,1,0,0,0,1,0
139,19,1.0,1.0,5.3,1.0,5.3,6,3,7,0,0,0,0,0,1,0,0,0,0,0,0,1,0,1,0,0
63,20,1.0,1.0,4.2,1.0,6.0,6,3,7,0,0,0,0,0,1,0,0,0,0,0,0,0,0,0,1,0
472,22,1.0,2.0,2.5,0.0,9.3,8,2,4,0,0,0,0,0,0,0,0,0,0,0,1,0,0,0,1,0
129,22,1.0,2.0,5.1,1.0,6.5,5,4,8,0,0,0,0,0,0,0,0,0,0,0,0,1,0,1,0,0
686,24,1.0,2.0,5.5,1.0,6.8,6,3,7,0,0,0,0,0,0,0,0,1,0,0,1,0,0,1,0,0
521,19,0.0,1.0,6.0,1.0,6.5,6,3,7,0,0,0,0,0,0,0,0,0,1,0,0,1,1,0,0,0
65,23,1.0,2.0,2.3,0.0,7.4,8,1,3,0,0,0,1,0,0,0,0,0,0,0,1,0,0,0,1,0
15,21,1.0,1.0,3.7,0.0,6.8,7,2,5,0,0,0,0,0,0,0,0,0,0,1,1,0,0,0,1,0
157,22,1.0,2.0,4.7,1.0,4.7,6,3,7,0,0,0,0,0,0,0,0,0,0,0,0,1,0,1,0,0
41,24,1.0,2.0,2.3,0.0,7.3,8,1,4,0,0,0,1,0,0,0,0,0,0,0,1,0,0,0,0,0
493,19,0.0,1.0,3.2,1.0,8.7,7,3,6,1,0,0,0,0,0,0,0,0,0,0,0,1,0,0,1,0
380,22,1.0,2.0,4.8,1.0,7.4,6,3,7,0,0,0,0,0,1,0,0,0,0,0,0,1,1,0,0,0
188,22,1.0,2.0,4.3,1.0,7.1,5,3,7,1,0,0,0,0,0,0,0,0,0,0,1,0,0,1,0,0
217,19,0.0,1.0,6.4,1.0,4.2,6,4,8,0,0,0,0,0,1,0,0,0,0,0,0,1,0,1,0,0
53,24,1.0,2.0,2.4,0.0,7.2,8,1,4,0,0,0,1,0,0,0,0,0,0,0,0,0,1,0,0,0
338,21,1.0,2.0,5.7,1.0,6.5,6,3,7,0,0,0,0,0,0,0,0,0,1,0,0,1,1,0,0,0
296,22,1.0,2.0,3.4,0.0,8.1,8,1,4,1,0,0,0,0,0,0,0,0,0,0,0,1,0,0,1,0
252,22,1.0,2.0,4.6,0.0,7.5,7,2,5,0,0,0,0,0,0,0,1,0,0,0,1,0,0,0,1,0
462,21,1.0,2.0,2.6,0.0,9.2,8,2,4,0,0,0,0,0,0,0,0,0,0,0,1,0,0,0,1,0
456,22,1.0,2.0,4.2,1.0,8.0,6,3,7,0,0,0,0,0,1,0,0,0,0,0,0,1,0,1,0,0
703,21,0.0,1.0,5.6,1.0,6.7,6,3,7,0,0,0,0,0,0,0,0,1,0,0,1,0,0,1,0,0
270,21,1.0,2.0,5.2,1.0,6.4,6,3,7,0,0,0,0,0,0,0,0,0,0,0,1,0,0,0,1,0
202,21,1.0,2.0,4.8,1.0,4.7,6,4,8,0,0,0,0,0,1,0,0,0,0,0,1,0,0,1,0,0
162,21,1.0,2.0,4.8,0.0,7.2,7,2,6,0,0,0,0,0,0,0,0,0,0,0,1,0,0,1,0,0
556,22,1.0,2.0,6.0,1.0,6.3,6,3,7,0,0,0,0,0,0,0,0,0,1,0,0,1,0,1,0,0
402,21,1.0,2.0,3.2,0.0,8.6,8,2,4,0,0,0,0,0,0,0,0,0,0,0,1,0,0,0,1,0
477,19,0.0,1.0,8.3,1.0,4.0,5,4,9,1,0,0,0,0,0,0,0,0,0,0,1,0,1,0,0,0
106,19,0.0,1.0,4.8,1.0,5.7,6,3,7,0,0,0,0,0,1,0,0,0,0,0,1,0,0,1,0,0
566,21,1.0,2.0,6.1,1.0,6.2,6,3,7,0,0,0,0,0,0,0,0,0,1,0,0,1,0,1,0,0
390,21,1.0,2.0,4.7,1.0,7.5,6,3,7,1,0,0,0,0,0,0,0,0,0,0,0,1,1,0,0,0
2,22,1.0,2.0,2.1,0.0,7.5,8,0,3,0,0,0,0,0,0,1,0,0,0,0,0,1,0,1,0,0
659,20,0.0,1.0,7.1,1.0,5.8,4,5,9,0,0,0,0,0,1,0,0,0,0,0,0,1,0,1,0,0
562,21,1.0,2.0,3.9,0.0,8.4,7,2,5,0,0,0,0,0,0,0,0,1,0,0,1,0,0,1,0,0
81,21,1.0,2.0,3.0,0.0,7.1,8,1,4,0,0,0,1,0,0,0,0,0,0,0,1,0,0,1,0,0
206,21,1.0,2.0,4.0,1.0,7.7,5,3,7,1,0,0,0,0,0,0,0,0,0,0,1,0,0,1,0,0
35,19,1.0,1.0,4.7,1.0,5.8,6,3,7,1,0,0,0,0,0,0,0,0,0,0,1,0,0,1,0,0
509,19,0.0,1.0,6.8,1.0,6.0,5,4,8,0,0,0,0,0,0,0,0,0,1,0,1,0,0,1,0,0
428,22,1.0,2.0,6.6,1.0,5.6,6,3,7,0,0,0,0,0,0,0,0,0,1,0,0,1,1,0,0,0
455,20,0.0,1.0,2.6,0.0,9.2,8,2,4,1,0,0,0,0,0,0,0,0,0,0,0,1,0,0,1,0
367,20,0.0,1.0,7.2,1.0,5.1,5,4,9,0,0,0,0,0,1,0,0,0,0,0,1,0,1,0,0,0
92,19,0.0,1.0,4.7,1.0,5.8,6,3,7,0,0,0,0,0,1,0,0,0,0,0,0,0,0,0,1,0
340,22,1.0,2.0,5.2,1.0,7.0,6,3,7,0,0,0,0,0,1,0,0,0,0,0,0,1,1,0,0,0
565,19,0.0,1.0,5.7,1.0,6.4,6,3,7,0,0,0,0,0,1,0,0,0,0,0,0,1,0,1,0,0
346,21,1.0,2.0,5.3,1.0,6.9,6,3,7,1,0,0,0,0,0,0,0,0,0,0,0,1,0,1,0,0
242,21,1.0,2.0,5.4,1.0,6.7,5,3,7,1,0,0,0,0,0,0,0,0,0,0,0,1,0,0,1,0
14,18,0.0,0.0,6.5,1.0,5.5,5,4,9,1,0,0,0,0,0,0,0,0,0,0,0,1,1,0,0,0
316,22,1.0,2.0,3.7,0.0,8.3,7,2,5,0,0,0,0,0,0,0,1,0,0,0,1,0,0,0,1,0
601,24,0.0,2.0,5.5,1.0,6.8,6,3,7,0,0,0,0,0,0,0,0,1,0,0,1,0,0,1,0,0
388,22,1.0,2.0,6.2,1.0,6.0,6,3,7,0,0,0,0,0,0,0,0,0,1,0,0,1,1,0,0,0
274,21,1.0,2.0,5.4,1.0,6.7,5,3,7,1,0,0,0,0,0,0,0,0,0,0,0,1,0,0,1,0
167,20,0.0,1.0,4.9,1.0,6.4,5,3,7,1,0,0,0,0,0,0,0,0,0,0,0,1,0,1,0,0
700,22,1.0,2.0,6.2,1.0,6.3,5,4,8,0,0,0,0,0,0,1,0,0,0,0,0,1,0,0,1,0
647,20,0.0,1.0,4.8,0.0,7.1,7,2,5,1,0,0,0,0,0,0,0,0,0,0,1,0,0,0,1,0
485,19,0.0,1.0,2.3,0.0,9.5,8,2,4,1,0,0,0,0,0,0,0,0,0,0,0,1,0,0,1,0
689,20,0.0,1.0,4.4,0.0,7.4,7,2,5,1,0,0,0,0,0,0,0,0,0,0,1,0,0,0,1,0
505,19,0.0,1.0,5.1,1.0,7.0,6,3,7,0,0,0,0,0,1,0,0,0,0,0,0,1,0,1,0,0
244,22,1.0,2.0,4.7,0.0,7.3,7,2,5,0,0,0,0,0,0,0,1,0,0,0,0,1,0,0,1,0
567,20,0.0,1.0,7.1,1.0,5.9,5,4,8,1,0,0,0,0,0,0,0,0,0,0,1,0,0,1,0,0
563,20,0.0,1.0,3.2,0.0,8.8,8,2,4,1,0,0,0,0,0,0,0,0,0,0,0,1,0,0,1,0
190,21,1.0,2.0,5.0,1.0,5.1,6,4,8,0,0,0,0,0,1,0,0,0,0,0,1,0,0,1,0,0
476,22,1.0,2.0,4.0,1.0,8.2,6,3,7,0,0,0,0,0,1,0,0,0,0,0,0,1,0,1,0,0
511,20,0.0,1.0,6.1,1.0,6.4,6,3,7,1,0,0,0,0,0,0,0,0,0,0,0,1,1,0,0,0
59,19,1.0,1.0,4.6,1.0,5.9,6,3,7,1,0,0,0,0,0,0,0,0,0,0,0,0,0,0,1,0
475,20,0.0,1.0,2.4,0.0,9.4,8,2,4,1,0,0,0,0,0,0,0,0,0,0,0,1,0,0,1,0
561,19,0.0,1.0,5.6,1.0,6.9,6,3,7,0,0,0,0,0,0,0,0,0,1,0,0,1,1,0,0,0
253,19,0.0,1.0,6.7,1.0,5.8,4,4,9,1,0,0,0,0,0,0,0,0,0,0,0,1,1,0,0,0
22,23,0.0,2.0,2.5,0.0,7.3,8,1,4,0,0,0,1,0,0,0,0,0,0,0,1,0,0,0,1,0
314,21,1.0,2.0,4.9,1.0,7.2,5,3,8,0,0,0,0,0,1,0,0,0,0,0,1,0,0,0,1,0
460,22,1.0,2.0,4.0,1.0,8.2,6,3,7,0,0,0,0,0,1,0,0,0,0,0,0,1,1,0,0,0
161,19,0.0,1.0,5.3,1.0,6.1,5,3,7,1,0,0,0,0,0,0,0,0,0,0,0,1,0,1,0,0
277,19,0.0,1.0,6.6,1.0,5.5,4,4,9,0,0,0,0,0,1,0,0,0,0,0,1,0,1,0,0,0
192,22,1.0,2.0,4.8,0.0,8.0,7,2,6,0,0,0,0,0,0,0,0,0,0,0,1,0,0,1,0,0
386,21,1.0,2.0,4.9,1.0,7.3,6,3,7,1,0,0,0,0,0,0,0,0,0,0,0,1,0,1,0,0
414,21,1.0,2.0,6.7,1.0,5.6,5,4,8,0,0,0,0,0,0,0,0,0,1,0,1,0,0,1,0,0
492,22,1.0,2.0,2.3,0.0,9.5,8,2,4,0,0,0,0,0,0,0,0,0,0,0,1,0,0,0,1,0
344,22,1.0,2.0,6.0,1.0,6.3,5,4,8,0,0,0,0,0,0,0,0,0,1,0,1,0,0,1,0,0
309,19,0.0,1.0,7.0,1.0,5.1,4,4,9,0,0,0,0,0,1,0,0,0,0,0,1,0,1,0,0,0
662,24,1.0,2.0,5.4,1.0,6.8,6,3,7,0,0,0,0,0,0,1,0,0,0,0,1,0,1,0,0,0
131,19,1.0,1.0,4.3,0.0,7.7,7,2,5,0,0,0,0,0,1,0,0,0,0,0,0,1,0,1,0,0
664,22,1.0,2.0,4.7,0.0,7.2,7,2,5,0,0,0,0,0,0,0,0,0,0,0,1,0,0,0,1,0
100,21,0.0,1.0,5.4,1.0,5.5,5,4,8,0,0,0,0,0,1,0,0,0,0,0,1,0,0,1,0,0
373,19,0.0,1.0,4.4,1.0,7.5,7,3,6,1,0,0,0,0,0,0,0,0,0,0,0,1,0,0,1,0
88,23,0.0,2.0,2.6,0.0,7.3,8,1,4,0,0,0,1,0,0,0,0,0,0,0,0,1,0,0,1,0
459,20,0.0,1.0,3.2,0.0,8.8,7,2,5,1,0,0,0,0,0,0,0,0,0,0,1,0,0,0,1,0
331,20,0.0,1.0,5.1,1.0,6.7,6,3,7,0,0,0,0,0,1,0,0,0,0,0,0,1,0,0,1,0
215,20,0.0,1.0,4.1,1.0,8.0,5,3,7,1,0,0,0,0,0,0,0,0,0,0,0,1,0,1,0,0
467,20,0.0,1.0,8.2,1.0,4.1,5,4,9,0,0,0,0,0,1,0,0,0,0,0,1,0,1,0,0,0
122,21,0.0,2.0,4.6,0.0,7.4,8,2,5,1,0,0,0,0,0,0,0,0,0,0,1,0,0,1,0,0
615,23,0.0,2.0,6.1,1.0,6.4,5,4,8,0,0,0,0,0,1,0,0,0,0,0,0,1,0,0,1,0
21,18,1.0,0.0,5.3,1.0,5.5,5,4,8,0,0,0,0,0,1,0,0,0,0,0,0,1,0,0,1,0
72,21,0.0,2.0,3.2,0.0,6.8,7,2,5,0,0,0,0,0,0,0,0,0,0,0,1,0,0,0,1,0
107,21,1.0,1.0,3.8,0.0,6.6,7,2,6,0,0,0,0,0,0,0,0,0,0,1,0,1,0,1,0,0
271,20,0.0,1.0,4.5,0.0,7.3,7,2,5,1,0,0,0,0,0,0,0,0,0,0,0,1,0,0,0,1
436,22,1.0,2.0,4.4,1.0,7.8,6,3,7,0,0,0,0,0,1,0,0,0,0,0,0,1,0,1,0,0
103,20,1.0,1.0,4.7,1.0,5.8,6,3,7,0,0,0,0,0,0,0,0,0,0,0,1,0,0,1,0,0
